{
  "band_ids": [
    "B01",
    "B02",
    "B03",
    "B04",
    "B05",
    "B06",
    "B07",
    "B08",
    "B08A",
    "B09",
    "B10",
    "B11",
    "B12"
  ],
  "mean": [
    1352.9936605334408,
    1116.5882252655836,
    1041.0809871935971,
    946.5366555834573,
    1198.5827086046006,
    2000.3957682162493,
    2370.3459280960647,
    2297.9227493076223,
    732.1773984814195,
    12.117834937686013,
    1819.7489574549438,
    1117.8351288778315,
    2595.8932284045345
  ],
  "std": [
    245.91067554962615,
    333.74659613287224,
    395.41469654939806,
    594.8929668660334,
    567.7647435620867,
    861.4757720798825,
    1087.411069548009,
    1118.6912674571804,
    404.3532961664769,
    4.791056695400405,
    1001.6193730750805,
    759.1870203169728,
    1232.4400426728155
  ],
  "n_pixels": 77414400,
  "computed_on": "train split only"
}